office_id,unit,tenant_name,legacy_key,door_lat,door_lng,door_source,source_door_lat,source_door_lng,boundary_door_lat,boundary_door_lng,firestore_door_lat,firestore_door_lng,source_to_door_m,dropped_door_lat,dropped_door_lng,door_to_footprint_edge_m,door_inside_footprint,nearest_other_door_office,nearest_other_door_m,review_flags,owner_decision,owner_notes
u600,600,Airtex Manufacturing Inc.,Airtex Manufacturing Inc.__600,41.75006227769781,-87.93752280619985,office-boundaries,41.750062,-87.937538,41.75006227769781,-87.93752280619985,,,1.3,,,0.7,no,u604,18.7,,,
u604,604,"Syndem, LLC","Syndem, LLC__604",41.75003464989969,-87.9377450534087,office-boundaries,41.750044,-87.937745,41.75003464989969,-87.9377450534087,,,1,,,1.2,no,u608,1.6,near-other-door,,
u608,608,"Sam International, LLC","Sam International, LLC__608",41.75003188933654,-87.9377643134039,office-boundaries,41.750045,-87.937765,41.75003188933654,-87.9377643134039,,,1.5,,,1.5,no,u604,1.6,near-other-door,,
u610,610,"Clean Slate, Inc","Clean Slate, Inc__610",41.75025702314436,-87.93779157399045,office-boundaries,41.7502426935211,-87.93779071170579,41.75025702314436,-87.93779157399045,,,1.6,,,2.3,no,u7670,10.3,door-far-from-footprint,,
u612,612,"John Devae Insurance Agency, Inc.","John Devae Insurance Agency, Inc.__612",41.750262625233,-87.93794438991488,office-boundaries,41.750241481857415,-87.93794284863885,41.750262625233,-87.93794438991488,,,2.4,,,1.8,no,u614,3.4,,,
u614,614,"Donald E. Morris Architect, PC","Donald E. Morris Architect, PC__614",41.75026134825452,-87.93798573154828,office-boundaries,41.75023932447109,-87.93798513810351,41.75026134825452,-87.93798573154828,,,2.4,,,1.5,no,u612,3.4,,,
u618,618,Equitec Group LLC,Equitec Group LLC__618,41.75025733459236,-87.93814490470515,office-boundaries,41.7502413146349,-87.93814273176567,41.75025733459236,-87.93814490470515,,,1.8,,,1.4,no,u620,12.7,,,
u620,620,Jay Building Group LLC,Jay Building Group LLC__620,41.75025623478498,-87.93829784909227,office-boundaries,41.750248,-87.938296,41.75025623478498,-87.93829784909227,,,0.9,,,1.5,no,u622,4.4,,,
u622,622,Armond Cozzi,Armond Cozzi__622,41.75025197887941,-87.93835004009202,office-boundaries,41.75023913053949,-87.93834800614171,41.75025197887941,-87.93835004009202,,,1.4,,,1.1,no,u620,4.4,,,
u624,624,"Lifetime Restoration, Inc.","Lifetime Restoration, Inc.__624",41.7502508546603,-87.93847184006674,office-boundaries,41.750246,-87.93847,41.7502508546603,-87.93847184006674,,,0.6,,,1.2,no,u626,7.3,,,
u626,626,The Forest Electric Company,The Forest Electric Company__626,41.750249,-87.93856,office-boundaries,41.750249,-87.93856,41.750249,-87.93856,,,0,,,1.2,no,u624,7.3,,,
u628,628,"Nightingale Home Healthcare of Illinois, Inc.","Nightingale Home Healthcare of Illinois, Inc.__628",41.75002202519741,-87.9386849021605,office-boundaries,41.750036,-87.938697,41.75002202519741,-87.9386849021605,,,1.8,,,1.4,no,u632,2.7,near-other-door,,
u632,632,Elevate Hospice LLC,Elevate Hospice LLC__632,41.75001895786286,-87.93871710984848,office-boundaries,41.750037,-87.938716,41.75001895786286,-87.93871710984848,,,2,,,1.6,no,u628,2.7,near-other-door,,
u636,636,Father & Sons Plumbing & Sewer Corp.,Father & Sons Plumbing & Sewer Corp.__636,41.750059,-87.938903,office-boundaries,41.750059,-87.938903,41.750059,-87.938903,,,0,,,1.9,no,u632,16.1,,,
u638,638,"Envirotest Perry Labs, Inc.","Envirotest Perry Labs, Inc.__638",41.7502230104432,-87.93889948325962,office-boundaries,41.750220103388344,-87.93890116392828,41.7502230104432,-87.93889948325962,,,0.4,,,1.4,no,u642,11.1,,,
u642,642,Law Office of Robert J. Chio,Law Office of Robert J. Chio__642,41.75032272576179,-87.9388884576044,office-boundaries,41.750322613780995,-87.93890340427834,41.75032272576179,-87.9388884576044,,,1.2,,,0.4,no,u646,1.9,near-other-door,,
u646,646,The Best Veneer Company LLC,The Best Veneer Company LLC__646,41.75034014199952,-87.93888747683236,office-boundaries,41.75033974786989,-87.9389043549276,41.75034014199952,-87.93888747683236,,,1.4,,,0.4,no,u642,1.9,near-other-door,,
u648,648,"Troop Contracting, Inc.","Troop Contracting, Inc.__648",41.75034087970753,-87.93860818742124,office-boundaries,41.750341,-87.938639,41.75034087970753,-87.93860818742124,,,2.6,41.750489,-87.938658,1.2,no,u626,11,second-door-dropped,,
u7630,7630,Redwood Construction Group LLC,Redwood Construction Group LLC__7630,41.751064,-87.937764,office-boundaries,41.751064,-87.937764,41.751064,-87.937764,,,0,,,1.1,no,u7632,2.1,near-other-door,,
u7632,7632,"Advanced Physicians, SC","Advanced Physicians, SC__7632",41.7510463875647,-87.93775465982769,office-boundaries,41.751046,-87.937773,41.7510463875647,-87.93775465982769,,,1.5,,,0.4,no,u7630,2.1,near-other-door,,
u7646,7646,"Firmus Medical, LLC","Firmus Medical, LLC__7646",41.75075245003324,-87.9378008415608,office-boundaries,41.750751,-87.937836,41.75075245003324,-87.9378008415608,,,2.9,41.750766,-87.937575,0.6,no,u7650,14.5,second-door-dropped,,
u7648,7648,"Faron and Associates, Inc.","Faron and Associates, Inc.__7648",41.75064109053827,-87.93753882489035,office-boundaries,41.750639,-87.937571,41.75064109053827,-87.93753882489035,,,2.7,41.750631,-87.93784,1.1,no,u7652,2.6,second-door-dropped;near-other-door,,
u7650,7650,"TRP Investments, LLC","TRP Investments, LLC__7650",41.75062202857697,-87.93780255221638,firestore-override,41.750639875087806,-87.93782783136173,41.75064068662467,-87.93780017867006,41.75062202857697,-87.93780255221638,2.9,,,1.2,no,u7654,0.8,firestore-override-applied;near-other-door,,
u7652,7652,"Ecodrive, Inc.","Ecodrive, Inc.__7652",41.75061838451117,-87.93754580279385,office-boundaries,41.750618,-87.937568,41.75061838451117,-87.93754580279385,,,1.8,,,0.4,no,u7648,2.6,near-other-door,,
u7654,7654,"Donnelly Transportation, Inc","Donnelly Transportation, Inc__7654",41.75061583893841,-87.93780661867359,office-boundaries,41.750618,-87.937568,41.75061583893841,-87.93780661867359,,,19.8,,,1.3,no,u7650,0.8,sources-disagree;near-other-door,,
u7656,7656,"Charland, LLC","Charland, LLC__7656",41.750492284419664,-87.93761255614079,office-boundaries,41.750478,-87.937624,41.750492284419664,-87.93761255614079,,,1.9,,,0.7,no,u7660,2,near-other-door,,
u7660,7660,Thomas Murphy,Thomas Murphy__7660,41.75047432551582,-87.93761601628566,office-boundaries,41.750478,-87.937624,41.75047432551582,-87.93761601628566,,,0.8,,,0.4,no,u7656,2,near-other-door,,
u7664,7664,"Proform Technologies, Inc.","Proform Technologies, Inc.__7664",41.75035866364809,-87.93760799087319,office-boundaries,41.750358,-87.937616,41.75035866364809,-87.93760799087319,,,0.7,41.750342,-87.937907,1,no,u7668,3.3,second-door-dropped,,
u7668,7668,SFUSA,SFUSA__7668,41.75032941300963,-87.93760072016401,office-boundaries,41.750333,-87.937619,41.75032941300963,-87.93760072016401,,,1.6,,,1.3,no,u7664,3.3,,,
u7670,7670,Shahid Khwaja,Shahid Khwaja__7670,41.750307576919965,-87.9378952643016,office-boundaries,41.75030795495643,-87.93788651518841,41.750307576919965,-87.9378952643016,,,0.7,,,1.8,no,u612,6.4,,,
